-- MySQL dump 10.13  Distrib 8.0.22, for Win64 (x86_64)
--
-- Host: localhost    Database: backend_2021
-- ------------------------------------------------------
-- Server version	8.0.22

/*!40101 SET @OLD_CHARACTER_SET_CLIENT=@@CHARACTER_SET_CLIENT */;
/*!40101 SET @OLD_CHARACTER_SET_RESULTS=@@CHARACTER_SET_RESULTS */;
/*!40101 SET @OLD_COLLATION_CONNECTION=@@COLLATION_CONNECTION */;
/*!50503 SET NAMES utf8 */;
/*!40103 SET @OLD_TIME_ZONE=@@TIME_ZONE */;
/*!40103 SET TIME_ZONE='+00:00' */;
/*!40014 SET @OLD_UNIQUE_CHECKS=@@UNIQUE_CHECKS, UNIQUE_CHECKS=0 */;
/*!40014 SET @OLD_FOREIGN_KEY_CHECKS=@@FOREIGN_KEY_CHECKS, FOREIGN_KEY_CHECKS=0 */;
/*!40101 SET @OLD_SQL_MODE=@@SQL_MODE, SQL_MODE='NO_AUTO_VALUE_ON_ZERO' */;
/*!40111 SET @OLD_SQL_NOTES=@@SQL_NOTES, SQL_NOTES=0 */;

--
-- Table structure for table `locations`
--

DROP TABLE IF EXISTS `locations`;
/*!40101 SET @saved_cs_client     = @@character_set_client */;
/*!50503 SET character_set_client = utf8mb4 */;
CREATE TABLE `locations` (
  `id` int NOT NULL AUTO_INCREMENT,
  `location` varchar(45) NOT NULL,
  PRIMARY KEY (`id`)
) ENGINE=InnoDB AUTO_INCREMENT=4 DEFAULT CHARSET=utf8mb4 COLLATE=utf8mb4_0900_ai_ci;
/*!40101 SET character_set_client = @saved_cs_client */;

--
-- Dumping data for table `locations`
--

LOCK TABLES `locations` WRITE;
/*!40000 ALTER TABLE `locations` DISABLE KEYS */;
INSERT INTO `locations` VALUES (1,'Bandung'),(2,'Jakarta'),(3,'Serpong');
/*!40000 ALTER TABLE `locations` ENABLE KEYS */;
UNLOCK TABLES;

--
-- Table structure for table `movie_status`
--

DROP TABLE IF EXISTS `movie_status`;
/*!40101 SET @saved_cs_client     = @@character_set_client */;
/*!50503 SET character_set_client = utf8mb4 */;
CREATE TABLE `movie_status` (
  `id` int NOT NULL AUTO_INCREMENT,
  `status` varchar(45) NOT NULL,
  PRIMARY KEY (`id`)
) ENGINE=InnoDB AUTO_INCREMENT=7 DEFAULT CHARSET=utf8mb4 COLLATE=utf8mb4_0900_ai_ci;
/*!40101 SET character_set_client = @saved_cs_client */;

--
-- Dumping data for table `movie_status`
--

LOCK TABLES `movie_status` WRITE;
/*!40000 ALTER TABLE `movie_status` DISABLE KEYS */;
INSERT INTO `movie_status` VALUES (1,'upcoming'),(2,'on show'),(3,'has shown');
/*!40000 ALTER TABLE `movie_status` ENABLE KEYS */;
UNLOCK TABLES;

--
-- Table structure for table `movies`
--

DROP TABLE IF EXISTS `movies`;
/*!40101 SET @saved_cs_client     = @@character_set_client */;
/*!50503 SET character_set_client = utf8mb4 */;
CREATE TABLE `movies` (
  `id` int NOT NULL AUTO_INCREMENT,
  `name` varchar(85) NOT NULL,
  `release_date` int NOT NULL,
  `release_month` int NOT NULL,
  `release_year` int NOT NULL,
  `duration_min` int NOT NULL,
  `genre` varchar(45) NOT NULL,
  `description` varchar(425) NOT NULL,
  `status` int NOT NULL DEFAULT '1',
  PRIMARY KEY (`id`),
  KEY `status_id_idx` (`status`),
  CONSTRAINT `status_id` FOREIGN KEY (`status`) REFERENCES `movie_status` (`id`)
) ENGINE=InnoDB AUTO_INCREMENT=14 DEFAULT CHARSET=utf8mb4 COLLATE=utf8mb4_0900_ai_ci;
/*!40101 SET character_set_client = @saved_cs_client */;

--
-- Dumping data for table `movies`
--

LOCK TABLES `movies` WRITE;
/*!40000 ALTER TABLE `movies` DISABLE KEYS */;
INSERT INTO `movies` VALUES (1,'Avengers: Endgame',24,4,2019,182,'Action','After Thanos, an intergalactic warlord, disintegrates half of the universe, the Avengers must reunite and assemble again to reinvigorate their trounced allies and restore balance.',3),(2,'Frozen 2',20,11,2019,113,'Fantasy','Queen Elsa starts hearing a mysterious melodic voice calling to her. Unsettled, she answers it and that awakens the elemental spirits that lead her to a quest to restore an old injustice.',2),(3,'Demon Slayer: Kimetsu no Yaiba the Movie: Mugen Train',6,1,2021,129,'Anime','A youth begins a quest to fight demons and save his sister after finding his family slaughtered and his sister turned into a demon.',1),(4,'Weathering with You',21,8,2019,111,'Romance','A boy runs away to Tokyo and befriends a girl who appears to be able to manipulate the weather.',2),(5,'The Nun',5,9,2018,96,'Horror','When a young nun at a cloistered abbey in Romania takes her own life, a priest with a haunted past and a novitiate on the threshold of her final vows are sent by the Vatican to investigate. Together, they uncover the order\'s unholy secret. Risking not only their lives but their faith and their very souls, they confront a malevolent force in the form of a demonic nun.',3),(6,'Spider-Man: Far From Home',3,7,2019,129,'Action','As Spider-Man, a beloved superhero, Peter Parker faces four destructive elemental monsters while on holiday in Europe. Soon, he receives help from Mysterio, a fellow hero with mysterious origins.',2),(8,'Black Widow',4,29,2021,133,'Action','At birth the Black Widow (aka Natasha Romanova) is given to the KGB, which grooms her to become its ultimate operative. When the U.S.S.R. breaks up, the government tries to kill her as the action moves to present-day New York, where she is a freelance operative.',1),(9,'Mulan',25,3,2020,120,'Fantasy','A girl disguises as a male warrior and joins the imperial army in order to prevent her sick father from being forced to enlist as he has no male heir.',2),(10,'Mulan',25,3,2020,120,'Fantasy','A girl ...',2),(11,'The Noon',5,9,2018,96,'Horror','When a young nun at a...',1),(12,'Mullaan',25,3,2000,100,'Kids','A little girl...',1),(13,'Mullaan',25,3,2000,100,'Kids','A little girl...',2);
/*!40000 ALTER TABLE `movies` ENABLE KEYS */;
UNLOCK TABLES;

--
-- Table structure for table `roles`
--

DROP TABLE IF EXISTS `roles`;
/*!40101 SET @saved_cs_client     = @@character_set_client */;
/*!50503 SET character_set_client = utf8mb4 */;
CREATE TABLE `roles` (
  `id` int NOT NULL AUTO_INCREMENT,
  `role` varchar(45) NOT NULL,
  PRIMARY KEY (`id`)
) ENGINE=InnoDB AUTO_INCREMENT=3 DEFAULT CHARSET=utf8mb4 COLLATE=utf8mb4_0900_ai_ci;
/*!40101 SET character_set_client = @saved_cs_client */;

--
-- Dumping data for table `roles`
--

LOCK TABLES `roles` WRITE;
/*!40000 ALTER TABLE `roles` DISABLE KEYS */;
INSERT INTO `roles` VALUES (1,'admin'),(2,'user');
/*!40000 ALTER TABLE `roles` ENABLE KEYS */;
UNLOCK TABLES;

--
-- Table structure for table `schedules`
--

DROP TABLE IF EXISTS `schedules`;
/*!40101 SET @saved_cs_client     = @@character_set_client */;
/*!50503 SET character_set_client = utf8mb4 */;
CREATE TABLE `schedules` (
  `id` int NOT NULL AUTO_INCREMENT,
  `movie_id` int NOT NULL,
  `location_id` int NOT NULL,
  `time_id` int NOT NULL,
  PRIMARY KEY (`id`),
  KEY `movie_id_idx` (`movie_id`),
  KEY `location_ id_idx` (`location_id`),
  KEY `time_id_idx` (`time_id`),
  CONSTRAINT `location_ id` FOREIGN KEY (`location_id`) REFERENCES `locations` (`id`),
  CONSTRAINT `movie_id` FOREIGN KEY (`movie_id`) REFERENCES `movies` (`id`),
  CONSTRAINT `time_id` FOREIGN KEY (`time_id`) REFERENCES `show_times` (`id`)
) ENGINE=InnoDB AUTO_INCREMENT=34 DEFAULT CHARSET=utf8mb4 COLLATE=utf8mb4_0900_ai_ci;
/*!40101 SET character_set_client = @saved_cs_client */;

--
-- Dumping data for table `schedules`
--

LOCK TABLES `schedules` WRITE;
/*!40000 ALTER TABLE `schedules` DISABLE KEYS */;
INSERT INTO `schedules` VALUES (1,1,1,3),(2,1,1,4),(3,1,1,5),(4,1,2,1),(5,1,2,5),(6,1,2,6),(7,1,3,1),(8,1,3,2),(9,1,3,3),(10,2,2,2),(11,2,2,4),(12,2,2,6),(13,3,1,3),(14,3,3,5),(15,3,3,6),(16,4,1,1),(17,4,2,2),(18,4,2,4),(19,4,3,3),(20,5,1,5),(21,5,2,5),(22,5,3,5),(23,6,1,1),(24,6,2,2),(25,6,3,3),(26,8,1,4),(27,8,1,6),(28,9,1,1),(29,9,1,2),(31,9,1,3),(32,10,1,3),(33,13,1,3);
/*!40000 ALTER TABLE `schedules` ENABLE KEYS */;
UNLOCK TABLES;

--
-- Table structure for table `show_times`
--

DROP TABLE IF EXISTS `show_times`;
/*!40101 SET @saved_cs_client     = @@character_set_client */;
/*!50503 SET character_set_client = utf8mb4 */;
CREATE TABLE `show_times` (
  `id` int NOT NULL AUTO_INCREMENT,
  `time` varchar(45) NOT NULL,
  PRIMARY KEY (`id`)
) ENGINE=InnoDB AUTO_INCREMENT=7 DEFAULT CHARSET=utf8mb4 COLLATE=utf8mb4_0900_ai_ci;
/*!40101 SET character_set_client = @saved_cs_client */;

--
-- Dumping data for table `show_times`
--

LOCK TABLES `show_times` WRITE;
/*!40000 ALTER TABLE `show_times` DISABLE KEYS */;
INSERT INTO `show_times` VALUES (1,'9 AM'),(2,'11 AM'),(3,'1 PM'),(4,'3 PM'),(5,'7 PM'),(6,'9 PM');
/*!40000 ALTER TABLE `show_times` ENABLE KEYS */;
UNLOCK TABLES;

--
-- Table structure for table `status`
--

DROP TABLE IF EXISTS `status`;
/*!40101 SET @saved_cs_client     = @@character_set_client */;
/*!50503 SET character_set_client = utf8mb4 */;
CREATE TABLE `status` (
  `id` int NOT NULL AUTO_INCREMENT,
  `status` varchar(45) NOT NULL,
  PRIMARY KEY (`id`)
) ENGINE=InnoDB AUTO_INCREMENT=4 DEFAULT CHARSET=utf8mb4 COLLATE=utf8mb4_0900_ai_ci;
/*!40101 SET character_set_client = @saved_cs_client */;

--
-- Dumping data for table `status`
--

LOCK TABLES `status` WRITE;
/*!40000 ALTER TABLE `status` DISABLE KEYS */;
INSERT INTO `status` VALUES (1,'active'),(2,'not-active'),(3,'closed');
/*!40000 ALTER TABLE `status` ENABLE KEYS */;
UNLOCK TABLES;

--
-- Table structure for table `users`
--

DROP TABLE IF EXISTS `users`;
/*!40101 SET @saved_cs_client     = @@character_set_client */;
/*!50503 SET character_set_client = utf8mb4 */;
CREATE TABLE `users` (
  `id` int NOT NULL AUTO_INCREMENT,
  `uid` varchar(45) CHARACTER SET utf8 COLLATE utf8_general_ci NOT NULL,
  `username` varchar(45) NOT NULL,
  `email` varchar(45) NOT NULL,
  `password` varchar(225) NOT NULL,
  `role` int NOT NULL DEFAULT '2',
  `status` int NOT NULL DEFAULT '1',
  PRIMARY KEY (`id`),
  KEY `role_idx` (`role`),
  KEY `status_idx` (`status`),
  CONSTRAINT `role` FOREIGN KEY (`role`) REFERENCES `roles` (`id`),
  CONSTRAINT `status` FOREIGN KEY (`status`) REFERENCES `status` (`id`)
) ENGINE=InnoDB AUTO_INCREMENT=10 DEFAULT CHARSET=utf8mb4 COLLATE=utf8mb4_0900_ai_ci;
/*!40101 SET character_set_client = @saved_cs_client */;

--
-- Dumping data for table `users`
--

LOCK TABLES `users` WRITE;
/*!40000 ALTER TABLE `users` DISABLE KEYS */;
INSERT INTO `users` VALUES (7,'1612514109131','adhtanjung','adhtanjung@gmail.com','Asd123!',1,1),(8,'1612514145310','adhiadhi','adhiadhi@gmail.com','Asd123!',2,1),(9,'1612514153744','bukanadhi','bukanadhi@gmail.com','Asd123!',2,3);
/*!40000 ALTER TABLE `users` ENABLE KEYS */;
UNLOCK TABLES;

--
-- Dumping events for database 'backend_2021'
--
/*!40103 SET TIME_ZONE=@OLD_TIME_ZONE */;

/*!40101 SET SQL_MODE=@OLD_SQL_MODE */;
/*!40014 SET FOREIGN_KEY_CHECKS=@OLD_FOREIGN_KEY_CHECKS */;
/*!40014 SET UNIQUE_CHECKS=@OLD_UNIQUE_CHECKS */;
/*!40101 SET CHARACTER_SET_CLIENT=@OLD_CHARACTER_SET_CLIENT */;
/*!40101 SET CHARACTER_SET_RESULTS=@OLD_CHARACTER_SET_RESULTS */;
/*!40101 SET COLLATION_CONNECTION=@OLD_COLLATION_CONNECTION */;
/*!40111 SET SQL_NOTES=@OLD_SQL_NOTES */;

-- Dump completed on 2021-02-05 16:16:18
